n,infCLEAccuracy,optVal,infVal
37,37,131.53302000000002,131.53302000000002
45,45,161.31183000000001,161.31183000000001
20,20,63.25520000000001,63.25520000000001
37,37,125.92233499999996,125.92233499999996
23,23,69.5741,69.5741
22,21,76.85974999999999,76.68516
17,17,57.29438999999999,57.29438999999999
28,27,89.01988000000001,87.72091000000002
34,34,117.42073000000002,117.42073000000002
23,23,81.11678300000001,81.11678300000001
30,30,106.32021000000003,106.32021000000003
29,27,95.576208,93.14114
23,23,85.53713,85.53713
13,13,40.821569999999994,40.821569999999994
20,20,65.63501899999999,65.63501899999999
42,39,143.33414000000002,128.895073
44,44,151.893322,151.893322
27,27,85.07885399999999,85.07885399999999
26,26,86.4525,86.4525
15,15,49.400887,49.400887
9,9,27.443600000000004,27.443600000000004
42,42,136.66046199999997,136.66046199999997
22,22,69.62318,69.62318
17,15,48.456175,45.445370000000004
10,7,24.26843,20.728629
22,22,71.07883999999999,71.07883999999999
17,17,55.40419999999999,55.40419999999999
14,11,41.24087600000001,39.214036
21,21,69.57986,69.57986
18,18,60.23785000000001,60.23785000000001
26,26,87.99432999999999,87.99432999999999
8,6,22.238962,18.46845
17,13,39.45411899999999,36.934211999999995
27,27,82.77016999999998,82.77016999999998
21,20,65.83734,65.82407
32,32,101.54832,101.54832
21,21,75.66277199999999,75.66277199999999
9,6,20.295350000000003,18.88297
12,12,34.92591,34.92591
11,11,28.24942,28.24942
24,24,68.82728,68.82728
40,40,126.25111700000002,126.25111700000002
13,13,37.65413,37.65413
14,14,40.59425999999999,40.59425999999999
40,40,120.64082599999998,120.64082599999998
20,20,67.03322000000001,67.03322000000001
32,32,107.460409,107.460409
29,29,94.804523,94.804523
19,19,63.79128,63.79128
13,13,39.102540000000005,39.102540000000005
11,11,33.71402,33.71402
21,21,69.19447999999998,69.19447999999998
41,39,139.0212409,138.60223090000002
18,18,46.781589999999994,46.781589999999994
11,11,27.988179999999996,27.988179999999996
23,21,64.95679,61.359415
23,23,68.19592,68.19592
33,33,105.003839,105.003839
28,28,88.90657999999999,88.90657999999999
22,20,70.66216999999999,68.76218999999999
14,10,44.27602,43.874689999999994
27,25,99.96457799999999,97.26776
24,23,79.04300999999998,78.58364999999998
15,15,45.47009,45.47009
24,22,70.87985,66.099583
17,15,47.45425999999999,46.1802
4,4,3.2826100000000005,3.2826100000000005
3,3,2.2425799999999994,2.2425799999999994
33,33,118.07177999999998,118.07177999999998
5,5,11.428799999999999,11.428799999999999
20,20,69.65608,69.65608
18,18,64.94952,64.94952
31,28,101.83967000000001,93.36587000000002
12,12,36.50666,36.50666
3,3,0.15500000000000025,0.15500000000000025
31,31,113.34466000000002,113.34466000000002
27,27,80.014566,80.014566
19,18,64.12978999999999,64.04646
13,13,36.697919999999996,36.697919999999996
57,54,170.221435,169.391346
36,36,119.43104000000001,119.43104000000001
54,53,189.9788800000001,189.82378000000008
19,15,52.01219999999999,48.05439
33,29,95.47202200000002,84.72512631000002
32,31,97.92257000000001,97.73719000000001
27,24,92.46685000000002,92.00220000000002
22,21,65.74032600000001,65.60927600000001
31,27,86.41960999999999,81.441482
37,37,121.41753999999997,121.41753999999997
36,33,111.57299699999999,108.62357800000001
23,23,75.78002000000001,75.78002000000001
53,50,164.278429,163.43201899999997
31,30,98.05435000000001,98.01028000000002
23,20,64.36801190000001,61.894639
29,28,103.50141,102.63734
28,25,94.78007500000001,93.788085
30,30,83.95249800000002,83.95249800000002
10,10,31.318830000000002,31.318830000000002
52,47,161.182238,157.60944800000001
42,42,130.85408000000004,130.85408000000004
17,17,53.85371000000001,53.85371000000001
15,15,38.94707,38.94707
5,5,8.665479999999999,8.665479999999999
33,33,116.43927000000004,116.43927000000004
11,11,34.00528,34.00528
36,32,105.44525,101.94515400000002
54,52,165.64696300000008,165.30265300000008
15,15,45.914680000000004,45.914680000000004
33,31,108.09673,103.67758
32,32,98.92842000000002,98.92842000000002
40,39,124.620835,123.404422
8,6,11.426540000000001,11.019129
22,22,81.16136,81.16136
44,44,132.3611,132.3611
18,15,50.02605799999999,47.452859
22,22,76.257703,76.257703
22,22,67.06385,67.06385
13,13,34.702439999999996,34.702439999999996
26,23,67.689446,66.779948
21,21,70.36301900000001,70.36301900000001
26,25,85.32984,84.70064
19,19,60.2644,60.2644
19,19,58.442831,58.442831
5,5,8.96864,8.96864
24,23,86.16454000000002,85.44367000000003
21,21,70.00230000000002,70.00230000000002
27,27,94.01428999999997,94.01428999999997
11,11,30.53678,30.53678
13,13,44.65864,44.65864
44,42,139.405672,135.65831600000004
20,19,67.11261,66.56834
20,20,63.917717,63.917717
30,27,97.00839999999998,96.79908999999996
58,53,194.63836099999997,181.179508
21,20,72.54127000000001,72.14974000000001
27,27,93.22691,93.22691
21,21,72.19849,72.19849
13,13,43.34513,43.34513
25,25,86.42590999999999,86.42590999999999
34,32,120.779574,116.22762900000001
13,11,40.92691,36.43994
20,20,66.97761,66.97761
39,37,122.56273099999999,120.78998999999999
30,28,84.11008999999999,83.79541
35,32,111.86832,108.33869999999997
25,25,77.9578,77.9578
9,9,24.72931,24.72931
8,6,13.337140000000002,12.466629999999999
30,27,103.13968299999999,102.89496899999997
30,30,96.72718000000002,96.72718000000002
15,13,47.630831,47.507371000000006
16,16,33.272850000000005,33.272850000000005
19,19,56.11068000000001,56.11068000000001
20,20,69.88098,69.88098
10,10,30.101349999999996,30.101349999999996
20,20,63.896249999999995,63.896249999999995
14,12,44.097350000000006,41.53294
19,19,64.02371,64.02371
29,29,89.71376,89.71376
19,19,54.9844,54.9844
8,8,19.6756,19.6756
24,19,74.882961,74.53970999999999
39,39,139.61331,139.61331
15,15,38.80181999999999,38.80181999999999
28,28,87.13908,87.13908
31,31,112.15495399999998,112.15495399999998
21,19,63.596855999999995,59.14167
28,28,99.45548999999998,99.45548999999998
11,11,30.85528,30.85528
23,23,73.68233,73.68233
27,24,88.029934,81.47496500000001
16,16,51.12353,51.12353
23,21,76.72905000000002,73.82793000000001
25,25,79.09371999999999,79.09371999999999
20,17,66.568916,60.592060000000004
22,21,73.50234999999999,73.49519
26,26,87.72855900000002,87.72855900000002
23,23,74.58111000000001,74.58111000000001
23,23,75.988914765,75.988914765
7,7,16.27104,16.27104
10,10,28.10791,28.10791
49,47,176.35364,174.94491000000002
29,27,63.041474,57.87392599999999
11,10,31.909699999999997,31.5173
4,4,8.39572,8.39572
11,11,35.2567,35.2567
27,27,101.295561,101.295561
21,18,66.283119,63.032239000000004
14,14,42.294250000000005,42.294250000000005
16,16,36.06906,36.06906
38,38,121.63574,121.63574
19,17,48.44865,48.22381
9,8,22.55672,22.47797
28,25,84.61910000000002,80.557305
39,38,130.7912,130.74399
9,9,30.512639999999998,30.512639999999998
26,23,84.25699,80.51485
16,14,47.52006000000001,43.65111100000001
12,10,35.90552,31.94854
29,27,93.07180300000002,92.17108999999999
12,12,33.703,33.703
13,13,41.69153,41.69153
17,15,51.793490000000006,50.09441000000001
19,19,53.889177000000004,53.889177000000004
7,7,14.48065,14.48065
20,19,59.02673,59.01155
21,21,65.071076,65.071076
58,51,183.73315499999995,170.45117399999995
41,40,122.05225000000002,121.81453000000002
10,10,26.31165,26.31165
2,2,-1.6190300000000004,-1.6190300000000004
25,25,90.06428999999999,90.06428999999999
33,32,108.09019,107.93568200000001
28,28,96.31761999999998,96.31761999999998
33,32,112.10296,112.05197999999999
41,41,151.58223999999998,151.58223999999998
27,27,91.06377000000002,91.06377000000002
19,19,59.974610000000006,59.974610000000006
30,27,106.07847999999998,104.26187999999999
21,21,73.64695,73.64695
18,18,55.43275,55.43275
27,27,93.14750999999998,93.14750999999998
22,22,75.54287799999999,75.54287799999999
27,27,93.77137,93.77137
34,34,113.92074,113.92074
31,30,111.77407000000001,111.73394
33,29,110.69127699999999,107.10943499999999
26,25,90.07790999999999,88.46632999999999
53,52,189.20490999999996,188.50404999999995
19,19,61.94583,61.94583
35,32,115.67517000000001,111.29864
29,29,94.398534,94.398534
28,27,97.54915000000001,96.20133000000001
33,33,113.33344799999999,113.33344799999999
38,36,143.36400599999996,138.30545299999997
27,27,97.06666100000001,97.06666100000001
29,29,106.76688000000001,106.76688000000001
15,13,44.884055000000004,44.82683
23,23,79.79466,79.79466
22,22,77.03628,77.03628
20,18,61.646679999999996,58.17871
14,14,39.19406,39.19406
24,20,76.01961700000001,67.841646
15,15,46.386979999999994,46.386979999999994
19,19,63.05039,63.05039
9,9,26.43529,26.43529
28,28,107.124261,107.124261
38,34,129.62127999999998,127.71407500000001
31,31,113.41672,113.41672
13,13,49.764160000000004,49.764160000000004
19,19,63.20257000000001,63.20257000000001
26,26,91.48093999999998,91.48093999999998
27,27,90.39341,90.39341
33,33,116.86398,116.86398
28,28,103.65211730000001,103.65211730000001
21,21,72.36896999999999,72.36896999999999
30,30,107.82749000000001,107.82749000000001
14,14,38.20088,38.20088
32,29,107.87486289999998,102.09357
32,31,105.53766,104.98903
21,21,70.67587000000002,70.67587000000002
19,18,60.559909999999995,60.20575999999999
17,17,49.42372,49.42372
19,19,58.20985,58.20985
14,14,45.025780000000005,45.025780000000005
14,12,35.638531,35.30404299999999
9,9,27.646320000000003,27.646320000000003
2,2,-3.15531,-3.15531
16,16,56.481210000000004,56.481210000000004
24,24,77.28557,77.28557
10,10,30.47085,30.47085
27,25,88.763168,85.15818199999998
37,35,128.16009000000003,127.64133000000002
17,15,48.213865999999996,44.2761641
26,26,95.615029,95.615029
20,20,68.77989000000001,68.77989000000001
31,31,106.10978600000001,106.10978600000001
17,17,59.753329,59.753329
23,22,74.67495000000001,74.64926
34,34,107.81764099999998,107.81764099999998
11,11,27.93335,27.93335
31,31,106.88386999999999,106.88386999999999
30,30,93.63235,93.63235
50,48,171.7848899999999,165.14742999999993
14,14,47.480729999999994,47.480729999999994
37,37,130.659201,130.659201
27,27,88.9706,88.9706
35,35,114.51265000000001,114.51265000000001
2,2,-4.18738,-4.18738
27,27,96.71502000000001,96.71502000000001
30,30,94.492047,94.492047
25,25,91.33598,91.33598
20,20,65.80013,65.80013
12,12,30.911209999999997,30.911209999999997
2,2,-3.4051899999999997,-3.4051899999999997
17,16,51.744630000000015,51.24506000000001
19,19,59.40238900000001,59.40238900000001
28,28,97.09394899999998,97.09394899999998
19,19,57.64994000000001,57.64994000000001
32,30,103.57166,103.42832299999999
23,23,70.37337000000002,70.37337000000002
18,16,53.29457999999998,53.01914999999998
32,31,115.47225000000002,115.40602000000001
5,5,9.84196,9.84196
41,38,151.10628000000003,144.54377000000002
33,32,112.0213,111.84682
11,11,35.16448,35.16448
17,17,59.64412,59.64412
18,18,60.64697600000001,60.64697600000001
26,26,95.28020699999999,95.28020699999999
19,19,64.24288000000001,64.24288000000001
18,18,60.04717,60.04717
26,26,86.49060999999999,86.49060999999999
39,39,144.80181600000003,144.80181600000003
24,24,71.16641000000001,71.16641000000001
28,26,96.11716,93.69429
16,16,54.687990000000006,54.687990000000006
10,10,29.895379999999996,29.895379999999996
3,3,0.13892000000000015,0.13892000000000015
25,23,83.34994,79.92056000000001
35,35,128.610294,128.610294
38,38,140.36491,140.36491
26,26,89.35192099999999,89.35192099999999
35,33,120.36945999999999,117.31587999999998
15,15,48.274420000000006,48.274420000000006
38,38,130.48674099999997,130.48674099999997
34,33,114.80506000000003,113.81499100000002
27,25,90.90102000000002,87.43449000000001
18,18,57.776070000000004,57.776070000000004
8,8,24.41451,24.41451
32,32,107.52019100000003,107.52019100000003
18,18,63.62030000000001,63.62030000000001
33,33,110.96099000000001,110.96099000000001
36,36,124.02217000000002,124.02217000000002
39,39,140.35590000000002,140.35590000000002
4,2,3.3870700000000005,2.8011399999999997
41,41,153.80477000000002,153.80477000000002
28,28,96.1473,96.1473
41,41,148.69100999999995,148.69100999999995
20,20,63.95062999999999,63.95062999999999
35,35,117.60443,117.60443
18,18,63.81907,63.81907
21,21,69.66542999999999,69.66542999999999
14,14,42.76265,42.76265
28,28,102.75158,102.75158
20,20,64.7305,64.7305
26,26,83.01083,83.01083
27,26,91.52201000000001,91.35360000000001
10,10,29.362289999999998,29.362289999999998
35,33,121.53701,117.38987999999999
32,31,119.30719999999998,117.92301999999998
27,26,92.40464,92.36966
43,42,150.29179999999997,148.79063199999996
25,25,88.97187,88.97187
26,26,83.82212,83.82212
30,30,102.10513199999998,102.10513199999998
23,22,80.089566,79.72391600000002
42,41,142.89776,142.08242
15,15,51.08254,51.08254
31,30,109.58854700000002,109.52263700000002
63,61,219.51398600000002,218.854846
7,7,19.75038,19.75038
24,24,88.32414999999997,88.32414999999997
39,39,129.67731,129.67731
11,11,33.317840000000004,33.317840000000004
39,37,123.81525000000002,122.57219
29,29,105.50607,105.50607
27,27,93.38779,93.38779
16,15,52.444579999999995,52.112429999999996
37,35,139.53119999999998,137.39846999999997
16,16,53.89068,53.89068
43,42,148.52034,148.13567
38,37,142.265,142.16514999999998
39,37,138.7422735,133.60776
20,20,72.01207,72.01207
30,30,100.71123000000001,100.71123000000001
12,12,38.42553999999999,38.42553999999999
14,14,47.82548,47.82548
28,28,97.72962999999999,97.72962999999999
31,31,100.76699,100.76699
31,28,106.30338999999998,104.45383
14,14,46.762429999999995,46.762429999999995
2,2,-2.3206900000000004,-2.3206900000000004
30,27,85.426901,79.867307
4,4,2.1250399999999994,2.1250399999999994
1,1,-4.06704,-4.06704
23,20,69.32327999999998,68.45957999999999
4,4,2.2629700000000006,2.2629700000000006
25,24,86.07585000000002,85.97397000000002
22,22,76.64063999999999,76.64063999999999
39,39,135.865542,135.865542
45,45,147.39343000000002,147.39343000000002
43,43,156.28685,156.28685
51,51,182.25356,182.25356
21,21,68.436382,68.436382
27,27,88.11213000000002,88.11213000000002
45,43,152.434582,151.12334199999998
32,31,108.29746000000002,108.21519
24,23,86.63346999999999,86.56020000000001
9,9,24.12935,24.12935
27,27,94.64318,94.64318
16,16,56.89821,56.89821
16,16,52.52485,52.52485
16,16,54.37884000000001,54.37884000000001
48,48,176.786305,176.786305
14,12,46.37821,42.32137000000001
12,11,34.8832,34.752759999999995
43,42,152.01379000000006,151.12821000000005
33,30,114.78046,109.45346
15,13,44.453320000000005,42.32889
33,31,112.983411,108.71898100000001
17,16,55.024609999999996,54.981719999999996
30,30,104.29535,104.29535
14,12,43.24806000000001,41.31055
11,11,32.70241,32.70241
26,26,91.24489999999999,91.24489999999999
38,38,135.50778,135.50778
14,14,48.22557000000001,48.22557000000001
14,14,46.25465,46.25465
19,19,61.18628999999999,61.18628999999999
20,20,67.38004,67.38004
21,21,71.13834,71.13834
34,34,124.01120999999999,124.01120999999999
20,20,65.25718,65.25718
47,47,173.70326000000006,173.70326000000006
17,17,51.43589000000001,51.43589000000001
17,17,58.77053999999999,58.77053999999999
27,27,92.20585000000001,92.20585000000001
32,32,107.59328999999998,107.59328999999998
13,13,38.655,38.655
43,41,142.3877421,141.41924799999998
21,21,74.75361,74.75361
20,20,63.053958999999985,63.053958999999985
15,15,39.91620999999999,39.91620999999999
35,34,105.25415,104.89155000000001
11,8,12.7847963,11.230998
19,17,59.162220000000005,57.357580000000006
18,18,59.26931,59.26931
10,10,26.10553,26.10553
20,20,63.003409999999995,63.003409999999995
49,45,176.85027605000002,171.354034
31,31,111.38221,111.38221
11,11,33.69732,33.69732
16,16,52.530229999999996,52.530229999999996
23,23,74.51604999999999,74.51604999999999
10,8,27.567560000000004,25.90373
44,42,157.80386000000001,156.04985700000003
8,6,20.344990000000003,17.13082
14,14,42.161187999999996,42.161187999999996
24,22,65.63822,62.79565
11,9,26.4481,24.666539999999998
28,26,84.02264,83.53746
19,15,54.660988,48.50661699999999
31,31,99.78059999999999,99.78059999999999
26,26,86.82715,86.82715
37,37,113.98967,113.98967
15,15,48.371179999999995,48.371179999999995
14,14,44.961299999999994,44.961299999999994
20,17,60.40019,53.506037
27,27,83.78806000000002,83.78806000000002
24,23,69.19612000000001,68.331941
29,28,91.65034000000001,91.49301000000001
25,25,84.88289,84.88289
33,33,105.80784500000001,105.80784500000001
28,27,97.6237,97.34804999999999
41,36,135.92062,127.99683040000002
22,22,70.78725,70.78725
21,21,71.24499999999999,71.24499999999999
35,34,104.67761699999998,104.63525699999998
18,16,54.16556,49.94124
24,24,77.65762000000002,77.65762000000002
10,10,24.201120000000003,24.201120000000003
28,28,106.04128999999998,106.04128999999998
12,12,38.00978,38.00978
45,40,146.77128299999998,132.265744
34,34,115.086054,115.086054
21,21,67.08941000000002,67.08941000000002
37,37,120.54078499999997,120.54078499999997
26,26,82.91012,82.91012
11,9,35.40925,31.773910000000004
27,27,81.81511200000001,81.81511200000001
20,19,59.28173600000001,59.276526000000004
20,17,63.618824000000004,57.0062
26,24,65.773874,65.26722000000001
16,16,53.49848899999999,53.49848899999999
23,23,83.06509,83.06509
35,34,111.62512999999998,111.22474399999999
10,10,31.30879,31.30879
19,19,64.2304,64.2304
23,23,71.93377000000001,71.93377000000001
39,36,126.22236355999999,124.83989000000003
25,25,73.13493999999999,73.13493999999999
15,13,34.03491,31.259818000000003
5,5,13.654869999999999,13.654869999999999
23,23,66.082873,66.082873
20,20,61.774506,61.774506
11,11,27.81612,27.81612
34,34,106.28890000000001,106.28890000000001
46,44,147.42563400000003,146.21754800000002
12,12,33.7179,33.7179
29,25,91.101389,89.10646400000002
35,33,109.86752000000001,108.52778000000002
37,34,119.8094542,118.04669200000001
21,19,72.2641,68.27852000000001
12,12,35.90502000000001,35.90502000000001
10,10,27.59138,27.59138
21,21,69.50028,69.50028
10,10,29.83057,29.83057
19,19,55.60651,55.60651
13,13,37.5487,37.5487
38,38,133.46604000000005,133.46604000000005
33,33,109.66105000000002,109.66105000000002
27,22,80.01673,72.92555000000002
22,22,70.77605,70.77605
26,26,80.06242000000002,80.06242000000002
31,31,85.69635,85.69635
26,26,83.08216999999999,83.08216999999999
22,22,73.157703,73.157703
18,18,62.08274451999999,62.08274451999999
32,29,94.79278599999999,91.8168402
28,28,98.95107699999997,98.95107699999997
36,31,119.56274,109.62798
38,36,130.5572,126.89635
28,28,101.64394999999998,101.64394999999998
35,30,118.40693600000003,111.50566500000004
7,5,17.396420000000003,16.32156
20,20,67.2917,67.2917
34,34,121.41043000000002,121.41043000000002
44,43,146.08813,145.66777999999996
14,14,45.22773,45.22773
25,23,85.29523900000002,82.70547000000003
30,30,98.72487999999998,98.72487999999998
28,28,97.28967600000001,97.28967600000001
25,25,76.92464000000001,76.92464000000001
19,19,59.77842,59.77842
18,18,53.388349999999996,53.388349999999996
26,26,91.50390999999999,91.50390999999999
19,19,57.23698000000001,57.23698000000001
23,23,80.22823000000001,80.22823000000001
7,7,17.91763,17.91763
23,23,84.960201,84.960201
21,21,59.36805400000001,59.36805400000001
5,5,10.387260000000001,10.387260000000001
4,4,6.336069999999999,6.336069999999999
19,19,65.74508999999999,65.74508999999999
11,11,29.80789,29.80789
17,17,60.047790000000006,60.047790000000006
27,27,94.20921000000001,94.20921000000001
17,17,54.00724,54.00724
25,25,79.02595,79.02595
21,21,71.291101,71.291101
27,27,92.86787000000002,92.86787000000002
8,8,19.78367,19.78367
31,29,117.79047000000001,112.55845000000001
19,17,61.442280000000004,60.206889999999994
6,6,13.08145,13.08145
18,18,60.68264,60.68264
29,29,101.85834,101.85834
28,28,99.09789,99.09789
12,12,36.23396,36.23396
17,17,56.87485,56.87485
15,15,47.49888,47.49888
21,19,72.06455999999999,71.80908999999998
29,27,95.66544000000002,94.95417
25,25,96.65331689999998,96.65331689999998
14,14,48.178769,48.178769
11,9,23.645109999999995,20.422240000000002
13,13,40.350820000000006,40.350820000000006
14,14,41.48183,41.48183
5,5,9.05392,9.05392
21,21,70.66399999999999,70.66399999999999
3,3,0.9750900000000002,0.9750900000000002
11,11,30.230510000000002,30.230510000000002
30,28,100.21997999999999,99.96433000000002
7,7,13.91487,13.91487
34,30,109.26216000000002,102.48678900000003
18,18,62.175580000000004,62.175580000000004
23,23,84.355802,84.355802
38,37,134.45561,133.57441
24,23,87.91968,87.74835999999999
14,14,46.90433,46.90433
22,22,75.243,75.243
34,30,113.35842629999999,111.65913
15,15,53.38162,53.38162
24,24,70.84973799999999,70.84973799999999
51,49,170.639956,168.869398
13,13,37.69210000000001,37.69210000000001
28,28,93.22755,93.22755
25,23,86.35,83.32193000000001
10,8,11.927641000000001,11.498186000000002
19,19,59.98422899999999,59.98422899999999
10,10,25.518680000000003,25.518680000000003
16,16,54.79667,54.79667
27,27,89.38552999999999,89.38552999999999
22,22,74.45916999999999,74.45916999999999
22,22,72.01769099999999,72.01769099999999
27,27,89.61093,89.61093
118,118,408.62628099999995,408.62628099999995
38,36,123.37192,118.235394
14,14,35.09218,35.09218
52,52,173.60162000000003,173.60162000000003
20,17,55.625569999999996,48.482535999999996
31,31,99.870857,99.870857
39,37,132.81858999999997,129.25698199999997
16,14,48.52574,47.985484
38,34,113.964045,108.833394
33,33,112.65853000000001,112.65853000000001
45,42,140.217555,133.377611
24,20,72.184557,69.23694900000001
16,16,56.88423,56.88423
30,30,103.23604,103.23604
18,15,58.81299,55.703254
33,31,113.654622,113.61125000000003
19,17,57.530530000000006,56.901050000000005
15,14,44.304370000000006,43.864720000000005
36,35,120.00704,119.64618
8,8,18.11752,18.11752
8,8,25.750259999999997,25.750259999999997
21,19,47.945085000000006,47.706602000000004
41,40,145.58334000000005,145.58077000000006
44,43,147.22985699999998,147.20756699999998
27,26,98.50567,98.50277999999999
13,13,36.88865,36.88865
24,24,83.56302000000001,83.56302000000001
39,39,142.25771,142.25771
29,29,106.02614,106.02614
27,27,89.56082000000002,89.56082000000002
22,22,61.25009999999999,61.25009999999999
8,6,14.776645000000002,12.615925
14,14,47.37584,47.37584
34,32,110.05395,105.805284
15,15,48.68819999999999,48.68819999999999
42,38,146.56126,139.241963
44,42,132.887856,130.947216
31,27,93.59631,89.86489599999999
30,28,90.66770000000002,89.42437000000002
42,41,127.47321000000001,127.216964
13,13,38.82575,38.82575
22,22,78.56356000000001,78.56356000000001
16,16,55.30255000000001,55.30255000000001
8,6,17.57112,14.193390000000003
13,13,39.26881,39.26881
23,23,82.02991000000002,82.02991000000002
30,30,93.06696200000002,93.06696200000002
20,20,72.45704,72.45704
37,37,125.149807,125.149807
28,28,98.01995,98.01995
32,30,113.00376,112.09598
34,34,102.28250000000001,102.28250000000001
51,51,173.03417000000005,173.03417000000005
25,25,78.42031000000001,78.42031000000001
26,24,92.564471,90.57645
17,17,55.825230000000005,55.825230000000005
3,3,-3.448138,-3.448138
41,39,142.424758,140.65645
32,32,108.45428000000003,108.45428000000003
26,25,88.68137299999998,88.63789799999998
43,38,136.12867000000003,124.04066000000005
21,20,62.76239000000001,62.74146000000001
7,7,14.84232,14.84232
21,21,64.74492999999998,64.74492999999998
35,33,121.99522,121.434487
31,30,95.18731000000001,95.13405000000002
11,11,29.98884,29.98884
31,27,95.79104999999998,91.73706899999999
53,50,173.5634866,162.72903760000003
28,24,78.96164999999999,71.1315027
24,24,85.72898,85.72898
26,26,87.57915,87.57915
13,13,36.42338,36.42338
19,19,64.28075,64.28075
24,24,78.17109,78.17109
19,19,66.46208,66.46208
31,30,88.49096,88.08036000000001
23,19,73.35136999999997,69.22858
26,26,89.88556999999999,89.88556999999999
22,22,70.09454,70.09454
27,27,89.222721,89.222721
29,25,94.19386500000002,90.17100100000003
19,19,63.91485000000001,63.91485000000001
39,38,128.57909,127.28520999999999
15,15,46.3404,46.3404
22,22,66.07177999999999,66.07177999999999
16,16,44.64726400000001,44.64726400000001
14,14,46.21752,46.21752
7,7,13.005287000000001,13.005287000000001
15,15,39.906200000000005,39.906200000000005
17,17,50.32024,50.32024
39,37,134.25668000000002,133.19727000000003
19,19,62.62033999999999,62.62033999999999
19,19,60.89841,60.89841
22,22,76.74905,76.74905
16,16,50.186009999999996,50.186009999999996
23,23,72.51035,72.51035
33,30,103.50562999999998,101.42049999999999
22,20,75.24240999999999,69.90418
29,29,101.26425000000002,101.26425000000002
15,13,42.15681,38.89931
36,36,123.89355000000002,123.89355000000002
25,25,89.17705,89.17705
17,17,62.93776,62.93776
14,14,33.99329000000001,33.99329000000001
21,21,70.88181999999999,70.88181999999999
24,24,84.36724999999998,84.36724999999998
27,27,93.55925,93.55925
32,32,95.37601,95.37601
7,7,18.85632,18.85632
35,34,131.79195,130.89076
29,27,100.69613000000001,100.32486
37,37,125.82323999999998,125.82323999999998
19,18,61.72474000000001,61.674060000000004
15,15,48.03996,48.03996
37,35,134.04712,129.60512000000003
27,27,95.72629699999999,95.72629699999999
37,37,118.26559,118.26559
20,20,65.84213999999999,65.84213999999999
32,30,105.61048999999998,104.45973999999998
39,39,128.16958400000001,128.16958400000001
33,33,104.69681,104.69681
16,13,46.21014400000001,42.822074
15,15,53.45523,53.45523
15,14,43.38946000000001,42.955630000000006
19,19,59.70013999999999,59.70013999999999
27,27,93.558066,93.558066
33,33,113.23764999999999,113.23764999999999
23,23,73.73420999999999,73.73420999999999
13,13,36.40862,36.40862
47,45,160.709048,160.129148
30,28,92.544614,86.98190199999999
18,18,51.46558,51.46558
12,12,38.83160000000001,38.83160000000001
13,11,34.34071,31.07521
11,11,37.5418,37.5418
26,22,81.32453799999999,72.497282
20,18,63.49754000000001,63.281627000000015
36,35,120.76949799999997,120.60710799999998
23,23,82.06387,82.06387
18,18,54.91349,54.91349
7,7,18.96844,18.96844
27,27,85.81875000000002,85.81875000000002
33,32,117.23288999999997,116.68573999999998
27,25,87.82545999999999,83.73521
65,63,221.49652999999995,218.09176999999994
41,40,143.53495,142.910412
15,15,46.54914000000001,46.54914000000001
13,10,37.96657,35.752570000000006
19,19,67.17327,67.17327
18,18,57.46133,57.46133
17,17,59.147729999999996,59.147729999999996
13,10,39.353500000000004,36.6012
5,5,13.0151,13.0151
14,14,46.59512,46.59512
32,32,110.76290999999998,110.76290999999998
21,21,62.73751999999999,62.73751999999999
20,20,65.9439,65.9439
15,15,51.83993999999999,51.83993999999999
6,6,14.949509999999998,14.949509999999998
39,39,139.80978,139.80978
10,10,32.55594,32.55594
24,24,84.49534999999999,84.49534999999999
14,14,47.589299999999994,47.589299999999994
30,30,94.527293,94.527293
19,19,56.5906,56.5906
24,24,73.19499,73.19499
28,28,93.68833999999998,93.68833999999998
13,13,39.71637,39.71637
16,16,49.10549,49.10549
23,23,73.11697,73.11697
25,24,83.04925999999999,83.03233999999999
43,43,146.62294,146.62294
14,14,41.320879999999995,41.320879999999995
30,29,96.09487,95.59447
42,39,141.33757000000003,136.17460200000002
38,35,117.68192,115.16251500000003
8,8,22.876389999999997,22.876389999999997
3,3,-2.5882479999999997,-2.5882479999999997
33,32,116.89865999999998,116.15852999999998
34,33,113.44891799999998,112.61754799999999
31,31,106.67848000000002,106.67848000000002
36,36,117.62181000000001,117.62181000000001
10,10,28.673650000000006,28.673650000000006
47,47,156.23052,156.23052
33,33,105.70386,105.70386
27,27,100.60092999999999,100.60092999999999
30,30,101.18517899999998,101.18517899999998
25,25,82.36156,82.36156
7,7,18.64253,18.64253
12,12,34.753879999999995,34.753879999999995
39,39,129.48432600000004,129.48432600000004
15,10,42.652120000000004,39.249840000000006
12,12,38.51881,38.51881
37,36,125.55403700000002,124.81809600000003
24,21,58.370757,56.022304999999996
26,26,83.74379,83.74379
38,36,126.93107499999999,124.44897499999999
19,19,51.74829100000001,51.74829100000001
28,28,97.03387999999998,97.03387999999998
24,24,81.77219000000002,81.77219000000002
25,24,84.29692999999999,84.25390999999999
4,4,9.74109,9.74109
16,16,50.87981,50.87981
18,16,52.92914999999999,49.445173999999994
25,23,73.1288,69.607635
15,15,43.466829999999995,43.466829999999995
24,24,80.68181,80.68181
12,12,30.42092,30.42092
35,34,101.50193,100.57114
37,37,130.22553100000002,130.22553100000002
24,22,75.87178999999999,72.179683
11,11,29.76862,29.76862
32,32,109.01560999999998,109.01560999999998
12,12,31.357229999999998,31.357229999999998
21,21,65.26227199999998,65.26227199999998
24,24,83.29354000000001,83.29354000000001
25,25,76.58768,76.58768
23,23,76.30651999999999,76.30651999999999
4,4,8.85916,8.85916
6,6,14.724710000000002,14.724710000000002
15,15,41.189924,41.189924
14,11,28.036126,25.5250679
17,17,51.581379999999996,51.581379999999996
27,26,85.12176,85.07288
15,15,47.20062,47.20062
26,24,81.79305,80.96897999999999
27,25,87.5098,84.0098
27,27,83.47854999999997,83.47854999999997
15,14,46.397719,46.054212
7,7,14.00653,14.00653
30,29,103.21219599999999,103.19834999999999
27,27,87.54006999999999,87.54006999999999
23,23,77.85895000000001,77.85895000000001
15,15,47.296820999999994,47.296820999999994
27,27,97.85236,97.85236
61,56,185.25222300000001,172.27708700000002
16,16,46.148469999999996,46.148469999999996
20,18,59.980549999999994,59.428906
27,23,79.32530200000002,74.79096200000002
24,24,87.611252,87.611252
37,35,129.99016999999998,125.12993800000001
15,15,50.26316,50.26316
47,41,147.9838945,136.65080099999997
30,30,98.09468000000001,98.09468000000001
14,14,49.90123000000001,49.90123000000001
16,16,55.75098,55.75098
34,32,109.33199999999998,103.99735
14,14,38.680846599999995,38.680846599999995
26,26,85.94671,85.94671
18,16,57.988809999999994,55.772859999999994
23,23,82.75602,82.75602
33,33,125.83696,125.83696
34,32,105.44658999999999,104.06291299999998
11,11,32.1633,32.1633
23,23,78.17655999999998,78.17655999999998
20,20,69.63788000000001,69.63788000000001
30,30,106.63174000000001,106.63174000000001
29,28,109.18232999999998,108.03208999999998
36,36,121.599135,121.599135
41,40,146.86751,146.56424
10,10,30.87381,30.87381
27,27,89.538902,89.538902
28,28,92.91507999999999,92.91507999999999
42,42,149.68160999999998,149.68160999999998
19,19,68.209698,68.209698
12,12,37.80192,37.80192
5,5,12.16716,12.16716
13,13,41.03148,41.03148
18,16,59.081039999999994,56.69352
7,5,17.9371,14.09089
38,38,130.44521999999998,130.44521999999998
15,15,53.00862800000001,53.00862800000001
12,10,36.26374,31.594459999999998
11,11,36.83506,36.83506
32,32,114.72299000000004,114.72299000000004
38,38,126.70567000000001,126.70567000000001
30,28,95.11445799999998,92.384164
5,5,11.37123,11.37123
21,21,64.54539,64.54539
31,30,107.22358000000003,106.97894000000002
32,29,108.993,108.43017
40,40,134.79516999999998,134.79516999999998
19,19,60.06285999999999,60.06285999999999
12,12,32.903099999999995,32.903099999999995
43,41,134.55231000000003,131.36964000000003
38,38,130.14726999999996,130.14726999999996
51,49,182.78232999999994,180.66800199999994
17,17,52.180569999999996,52.180569999999996
21,21,66.29489000000001,66.29489000000001
38,38,135.96006,135.96006
40,37,125.62409099999999,125.28902099999998
41,40,146.32434,145.8844
25,23,88.27447100000002,83.627369
15,13,44.372,39.768506
41,40,139.182487,137.713151
44,42,146.34175,146.09807999999998
25,23,73.84927600000002,71.383522
19,17,57.19199100000001,56.157980000000016
30,29,102.95635999999998,102.86397999999997
31,31,105.91400999999999,105.91400999999999
27,24,86.17853000000002,81.79869199999999
38,36,131.0085,130.48025
8,8,21.00739,21.00739
30,30,107.37498000000001,107.37498000000001
23,23,73.31835000000001,73.31835000000001
25,25,81.89428000000001,81.89428000000001
41,41,137.40047099999998,137.40047099999998
47,47,171.55026600000002,171.55026600000002
19,19,63.05236,63.05236
30,28,105.63511,104.671715
29,27,95.486433,93.86414400000001
43,41,137.00551500000003,135.50498800000005
30,30,109.784607,109.784607
48,46,151.88040800000002,147.885845
40,40,140.58029000000005,140.58029000000005
11,11,27.298040000000004,27.298040000000004
31,30,104.70731,103.59535000000002
27,27,82.22991600000002,82.22991600000002
14,14,41.475440000000006,41.475440000000006
13,13,35.77682000000001,35.77682000000001
35,35,121.16028599999997,121.16028599999997
27,27,91.24249000000002,91.24249000000002
46,46,161.09339179999998,161.09339179999998
23,23,76.81991,76.81991
22,21,61.793029999999995,61.74063999999999
30,30,106.48185000000002,106.48185000000002
7,7,19.53273,19.53273
23,23,76.29894900000001,76.29894900000001
9,9,28.192559999999997,28.192559999999997
27,26,105.98828000000002,105.45464400000003
26,26,83.25621,83.25621
20,18,63.7955,60.881170000000004
8,8,21.923150000000003,21.923150000000003
27,27,101.63636,101.63636
22,22,75.03635000000001,75.03635000000001
25,25,90.08855,90.08855
21,18,60.59154,58.09935000000001
14,14,41.24362,41.24362
29,29,100.16867999999998,100.16867999999998
14,14,49.26258,49.26258
30,30,100.13193,100.13193
34,29,105.604738,92.2133595
13,13,44.85808000000001,44.85808000000001
18,18,62.08390000000001,62.08390000000001
14,14,45.875969999999995,45.875969999999995
16,16,54.46886,54.46886
26,24,91.55782,91.14341
11,10,33.14863,32.99953
23,21,70.81643999999999,68.1084
25,25,79.76433999999999,79.76433999999999
12,12,34.426053,34.426053
26,26,87.67623000000002,87.67623000000002
19,19,62.12911999999999,62.12911999999999
13,13,48.459039999999995,48.459039999999995
35,32,118.51008999999999,117.043
35,35,129.56841000000003,129.56841000000003
19,19,62.45246,62.45246
27,24,93.0531,89.87128
14,14,38.38098,38.38098
33,30,110.35864099999998,108.04483099999999
22,22,80.88079699999999,80.88079699999999
30,27,95.65199199999998,84.53304999999997
29,29,95.08422099999999,95.08422099999999
9,9,24.71328,24.71328
14,14,45.54116,45.54116
16,14,49.106802,48.96448
38,38,132.282575,132.282575
24,24,89.85339,89.85339
20,20,71.2819,71.2819
20,20,63.12290899999999,63.12290899999999
8,8,19.8746,19.8746
35,33,115.95319999999998,115.81094999999998
37,37,126.48106499999999,126.48106499999999
24,24,88.38747,88.38747
25,23,81.36287,79.23400000000001
14,14,47.144065000000005,47.144065000000005
12,11,31.024679999999996,30.780249999999995
2,2,-1.9256799999999998,-1.9256799999999998
11,11,31.644590000000004,31.644590000000004
25,25,79.93404000000001,79.93404000000001
14,14,51.209890000000016,51.209890000000016
26,26,84.33182999999998,84.33182999999998
14,14,50.43415,50.43415
30,29,99.552779,99.08925899999998
29,29,94.05506499999998,94.05506499999998
5,5,10.54083,10.54083
14,14,48.498419999999996,48.498419999999996
15,15,44.94771000000001,44.94771000000001
21,21,72.18737999999999,72.18737999999999
7,7,18.61345,18.61345
19,19,52.61206,52.61206
2,2,-2.2403999999999993,-2.2403999999999993
11,11,27.454959999999996,27.454959999999996
6,6,16.72192,16.72192
2,2,-2.7739900000000004,-2.7739900000000004
12,12,37.908249999999995,37.908249999999995
25,25,71.94219000000001,71.94219000000001
6,6,16.66049,16.66049
23,22,71.44319,71.24612
39,37,128.42753000000002,125.21431400000002
2,2,-2.59365,-2.59365
19,19,59.15388,59.15388
33,32,117.40948,116.99815999999998
46,43,136.31955899999997,128.3755953
16,16,47.2813,47.2813
12,11,32.27133,32.26875
33,33,108.38472999999998,108.38472999999998
39,38,140.21809000000002,139.48652
25,22,80.44405000000002,76.42113
10,10,34.53745000000001,34.53745000000001
1,1,-6.43524,-6.43524
18,18,49.96639,49.96639
29,29,93.60708000000001,93.60708000000001
29,28,96.06493999999999,95.91287
41,39,136.27935,133.435831
8,8,22.549500000000002,22.549500000000002
22,22,78.48419,78.48419
30,29,99.99844999999996,99.03671599999997
20,20,59.13784,59.13784
26,24,84.02515200000003,83.93166200000002
23,23,68.767445,68.767445
10,10,31.066860000000002,31.066860000000002
39,39,138.91244999999995,138.91244999999995
37,36,120.88882999999998,119.74133999999998
38,36,139.28424289999998,139.16144999999997
23,23,82.63014299999999,82.63014299999999
20,20,73.26885,73.26885
36,34,124.59940000000003,124.26204000000001
49,48,177.93822999999998,177.58358999999996
16,16,53.14882,53.14882
18,18,54.026340000000005,54.026340000000005
52,52,178.879245,178.879245
12,12,35.827569999999994,35.827569999999994
13,13,41.32319,41.32319
16,14,51.92061999999999,48.739869999999996
33,33,110.72348999999998,110.72348999999998
29,29,89.79305200000002,89.79305200000002
9,9,22.306100000000004,22.306100000000004
24,24,89.44146,89.44146
44,44,157.23985,157.23985
13,13,42.42198,42.42198
20,20,68.17018,68.17018
33,33,96.65403800000003,96.65403800000003
20,20,64.12872999999999,64.12872999999999
24,24,68.07449999999999,68.07449999999999
19,19,70.14882,70.14882
19,19,70.91104,70.91104
20,20,71.67622000000001,71.67622000000001
45,42,158.62799069999997,153.00137999999998
12,12,40.57206,40.57206
53,53,189.14536399999997,189.14536399999997
32,32,126.59354900000002,126.59354900000002
37,37,125.63495900000001,125.63495900000001
20,18,66.78453,61.475849999999994
15,15,53.30582000000001,53.30582000000001
21,20,77.73955,77.59367999999999
24,24,84.39422000000003,84.39422000000003
41,41,137.70007,137.70007
32,30,108.97728,107.56242999999999
12,12,37.14827999999999,37.14827999999999
17,17,53.983520000000006,53.983520000000006
18,18,58.76508000000001,58.76508000000001
19,19,65.75695,65.75695
13,10,39.741350000000004,39.24663
35,35,115.61349999999997,115.61349999999997
28,28,92.51329,92.51329
32,32,116.685728,116.685728
41,41,134.97841999999997,134.97841999999997
29,27,99.79524999999998,96.39962999999999
25,25,86.70136699999999,86.70136699999999
31,31,109.20754000000001,109.20754000000001
24,24,76.13604999999998,76.13604999999998
34,34,117.743497,117.743497
31,31,109.43997,109.43997
15,15,54.425430000000006,54.425430000000006
24,24,88.70897,88.70897
10,9,26.73208,26.52443
23,23,89.91630999999998,89.91630999999998
15,15,50.47841000000001,50.47841000000001
15,15,47.163779999999996,47.163779999999996
31,31,108.08698999999999,108.08698999999999
28,28,101.5481745,101.5481745
26,24,86.07397999999999,83.137233
21,19,64.1374,60.448449999999994
25,25,83.84350099999999,83.84350099999999
16,16,57.138540000000006,57.138540000000006
11,11,35.788990000000005,35.788990000000005
27,27,92.07894499999999,92.07894499999999
22,22,76.20384999999999,76.20384999999999
6,6,10.707000000000003,10.707000000000003
13,13,23.110564999999998,23.110564999999998
10,10,25.126680000000004,25.126680000000004
14,14,40.09224000000001,40.09224000000001
17,17,51.17691000000001,51.17691000000001
16,16,49.71678,49.71678
9,9,23.381438,23.381438
20,18,61.287800000000004,60.12128
21,19,68.99809,64.90378
26,24,77.77635900000001,77.692755
28,28,106.51483999999999,106.51483999999999
17,17,51.314429999999994,51.314429999999994
34,31,99.76406,97.813769
20,20,63.409929999999996,63.409929999999996
42,42,132.625684,132.625684
23,22,71.02249,70.66717000000001
25,25,87.194821,87.194821
22,22,76.38031,76.38031
30,29,100.40979,100.39368
35,34,117.28021799999999,116.3499539
27,27,94.62618,94.62618
30,28,96.393894,92.549779
18,18,64.88183,64.88183
5,5,3.399711,3.399711
19,18,55.444773,55.421403
31,31,113.10599999999998,113.10599999999998
16,16,54.645987000000005,54.645987000000005
27,27,92.60240999999999,92.60240999999999
15,15,44.64357,44.64357
28,27,95.76968999999998,94.151304
30,30,111.24355600000001,111.24355600000001
31,31,84.58683699999999,84.58683699999999
17,17,58.21836999999999,58.21836999999999
18,18,53.244121,53.244121
37,35,136.61053800000002,132.90403
17,15,56.92423000000001,54.029830000000004
9,9,26.926889999999997,26.926889999999997
19,19,62.96656599999999,62.96656599999999
27,27,82.62061200000001,82.62061200000001
23,21,76.94539999999999,72.20429
15,15,40.68365000000001,40.68365000000001
8,8,22.71335,22.71335
17,17,53.44877,53.44877
12,12,35.66916,35.66916
24,24,83.88295,83.88295
17,17,47.36478,47.36478
12,12,31.07486,31.07486
9,9,27.47828,27.47828
19,19,58.53840999999999,58.53840999999999
17,17,54.27819,54.27819
24,24,78.22631,78.22631
19,18,59.00656000000001,58.85535000000001
7,7,19.086399999999998,19.086399999999998
31,31,107.77791500000001,107.77791500000001
34,34,114.36971999999999,114.36971999999999
22,22,79.73632899999998,79.73632899999998
16,15,50.09779,50.06047
27,25,90.64278000000002,90.37804
26,23,93.02442,86.13115
15,13,39.285900000000005,36.833117
12,12,36.096869999999996,36.096869999999996
35,33,108.14315500000002,107.72884500000002
22,22,78.03360299999999,78.03360299999999
6,6,13.586839999999999,13.586839999999999
41,41,149.19828,149.19828
15,15,49.14947,49.14947
21,19,68.99199999999999,64.427812
38,38,134.07739,134.07739
14,14,44.88053,44.88053
25,25,72.35374399999999,72.35374399999999
23,23,84.84205,84.84205
30,30,102.413873,102.413873
6,6,18.647850000000002,18.647850000000002
30,30,100.19947,100.19947
15,15,48.272299999999994,48.272299999999994
19,16,61.84785,57.88795
26,24,84.05584,83.23716000000002
43,41,153.70346599999996,148.77884999999995
46,44,149.867566,144.27850299999997
18,18,51.28678000000001,51.28678000000001
24,24,82.92358999999999,82.92358999999999
30,26,90.58773200000002,81.53775200000001
25,25,80.65924,80.65924
32,32,114.73155000000003,114.73155000000003
39,39,140.98051999999998,140.98051999999998
17,15,53.331509999999994,53.04159999999999
22,20,74.534586,72.33572
35,35,111.59133899999999,111.59133899999999
19,18,62.43444900000001,61.99378900000001
35,34,121.79824000000002,120.73200000000003
35,33,108.87030000000001,108.62764000000001
31,28,90.92074000000001,87.50005000000002
36,36,116.59317999999999,116.59317999999999
19,19,58.82384999999999,58.82384999999999
19,19,67.613726,67.613726
34,34,124.75581000000001,124.75581000000001
16,16,48.53685,48.53685
12,12,38.15558,38.15558
40,40,130.25367100000003,130.25367100000003
45,43,151.87646999999998,151.66750000000002
48,46,158.45945500000005,157.66284000000005
26,26,78.23759999999999,78.23759999999999
25,25,83.72894000000001,83.72894000000001
41,41,143.257099,143.257099
25,25,90.96125999999998,90.96125999999998
25,25,90.245973,90.245973
9,9,29.185920000000003,29.185920000000003
23,23,83.34688,83.34688
16,16,51.84118,51.84118
32,32,116.27293000000002,116.27293000000002
16,16,59.214583899999994,59.214583899999994
24,24,82.20579000000002,82.20579000000002
23,23,78.81395,78.81395
12,12,41.68047,41.68047
21,21,66.06852,66.06852
42,41,143.37095000000002,141.83112300000002
14,14,50.261120000000005,50.261120000000005
37,37,131.594003,131.594003
7,7,15.568389999999999,15.568389999999999
19,19,66.49084,66.49084
23,23,71.3544,71.3544
13,13,47.973710000000004,47.973710000000004
29,29,104.55101,104.55101
31,31,102.25152999999999,102.25152999999999
25,25,88.25383000000001,88.25383000000001
29,29,90.271794,90.271794
21,19,68.59416,66.25063
15,14,49.098139999999994,48.470679999999994
11,11,29.314279999999997,29.314279999999997
4,4,8.18425,8.18425
17,17,53.85538999999999,53.85538999999999
8,8,20.70747,20.70747
22,21,77.12705,75.90044
9,9,26.454460000000005,26.454460000000005
20,20,60.24361100000001,60.24361100000001
9,9,26.606499999999997,26.606499999999997
22,22,74.55064999999998,74.55064999999998
16,16,47.95241400000001,47.95241400000001
19,19,64.01315,64.01315
13,13,43.40102,43.40102
26,26,78.28010999999998,78.28010999999998
16,15,45.341989999999996,45.21751999999999
24,24,80.26876999999999,80.26876999999999
11,11,35.26674,35.26674
17,16,57.685780000000015,57.26237000000001
15,13,47.368179999999995,46.945249999999994
13,13,43.28088999999999,43.28088999999999
19,18,62.449450000000006,61.53280000000001
28,27,102.26379999999999,101.62724999999999
12,12,40.98556,40.98556
19,19,62.0636,62.0636
17,15,53.903439999999996,51.48137
15,15,50.23698,50.23698
21,21,79.69582,79.69582
7,7,17.82456,17.82456
22,22,73.88674,73.88674
2,2,-5.160408,-5.160408
6,6,6.32345,6.32345
20,16,38.45224,32.06989599999999
10,10,21.50994,21.50994
18,18,39.10631,39.10631
14,11,22.526617,19.586135000000002
6,6,8.428170000000001,8.428170000000001
23,21,78.58238999999999,73.308302
7,7,14.76951,14.76951
14,14,41.593050000000005,41.593050000000005
25,23,65.50270400000001,64.94362500000001
17,15,52.631490000000014,52.542180000000016
10,10,23.31378,23.31378
6,6,11.84301,11.84301
15,15,45.595850000000006,45.595850000000006
10,10,24.15227,24.15227
11,11,28.86647,28.86647
59,55,211.39253000000002,211.08341
33,33,107.29009,107.29009
29,29,99.62531999999996,99.62531999999996
28,26,90.93615000000001,90.88799000000002
7,7,19.178309999999996,19.178309999999996
22,22,69.73919,69.73919
33,33,113.86177999999998,113.86177999999998
12,12,33.11344,33.11344
64,58,217.56300000000002,212.76581420000002
32,30,102.57440999999996,98.99996799999997
21,20,69.01199,68.53375
24,23,85.94205,85.05532
15,15,47.395250000000004,47.395250000000004
49,49,160.20206000000005,160.20206000000005
22,20,67.89075,65.91465000000001
20,20,58.62612,58.62612
6,6,12.49054,12.49054
45,45,141.22449500000008,141.22449500000008
6,6,12.49054,12.49054
9,9,23.294590000000003,23.294590000000003
20,20,60.51618,60.51618
22,21,82.30909,81.66651999999999
27,27,79.81952900000002,79.81952900000002
29,29,100.02949999999998,100.02949999999998
28,25,99.25009999999997,94.11468999999997
35,35,109.28845000000001,109.28845000000001
12,12,42.881899999999995,42.881899999999995
13,13,44.92303000000001,44.92303000000001
36,35,128.11548700000003,127.81004700000001
27,27,94.54168000000003,94.54168000000003
23,23,76.56542,76.56542
18,18,60.62038000000001,60.62038000000001
27,27,98.01326,98.01326
32,32,119.55934700000002,119.55934700000002
26,26,87.11752209999999,87.11752209999999
18,18,66.044479,66.044479
36,33,126.81464600000001,124.53943000000001
8,8,20.06174,20.06174
33,33,118.75779,118.75779
27,27,91.91282,91.91282
46,42,158.27858,156.26316400000002
11,11,36.062999999999995,36.062999999999995
31,31,108.35618299999997,108.35618299999997
21,20,73.48933000000001,73.43382000000001
25,25,87.88436999999999,87.88436999999999
51,48,181.09676900000008,177.03870600000008
18,18,65.47191,65.47191
32,32,119.92629999999996,119.92629999999996
29,29,105.62063999999997,105.62063999999997
22,22,80.78522,80.78522
29,29,101.212291,101.212291
26,26,88.85515999999997,88.85515999999997
50,49,168.49724999999998,167.8263
32,32,116.75106,116.75106
21,21,71.75630999999998,71.75630999999998
10,10,27.97951,27.97951
23,21,75.58084,74.96078999999999
11,11,31.64086,31.64086
32,32,109.57539,109.57539
15,11,42.00294,38.84817499999999
50,49,154.30766999999994,153.35336799999996
25,25,79.65756999999999,79.65756999999999
42,41,138.77832,138.256362
27,27,83.649668,83.649668
37,37,128.96380999999997,128.96380999999997
8,8,22.986909999999998,22.986909999999998
29,29,103.51265,103.51265
34,34,117.01907,117.01907
26,26,91.19170000000001,91.19170000000001
18,18,58.51905,58.51905
20,20,67.60575999999999,67.60575999999999
20,20,74.1645,74.1645
10,10,31.395030000000002,31.395030000000002
20,19,65.74985,64.97035
12,12,35.49694,35.49694
36,36,122.646677,122.646677
16,16,48.446780000000004,48.446780000000004
12,9,32.82271,28.307456000000002
24,24,72.80269,72.80269
42,40,137.73228,137.22764
23,19,72.42726,68.231186
26,26,92.61261999999999,92.61261999999999
28,28,85.93487,85.93487
12,9,32.468379999999996,28.4909555
10,10,27.480869999999996,27.480869999999996
22,22,73.30378999999999,73.30378999999999
34,33,93.10394199999999,93.09963199999999
4,4,6.37046,6.37046
14,14,43.57034,43.57034
27,24,85.81712999999999,81.05289199999999
12,12,36.1568,36.1568
28,23,79.00589000000001,66.99313070000001
15,14,42.350649999999995,42.03201
30,27,98.86919,94.76921
27,27,85.86015,85.86015
41,35,121.56193000000002,119.11783000000003
50,50,163.50035000000003,163.50035000000003
13,13,36.35338999999999,36.35338999999999
39,37,132.41086399999998,127.94327299999998
25,23,85.59092999999999,85.23859099999999
18,18,62.558432,62.558432
19,19,65.52659999999999,65.52659999999999
33,32,109.299425,109.007875
15,15,52.288474920000006,52.288474920000006
2,2,-3.17072,-3.17072
38,36,133.15938899999998,131.20637999999997
23,23,78.980897,78.980897
18,18,59.17332999999999,59.17332999999999
21,21,66.59705000000001,66.59705000000001
21,19,67.98385999999999,63.59962999999999
21,21,76.93242000000001,76.93242000000001
25,25,83.09992,83.09992
32,32,103.30482999999998,103.30482999999998
2,2,-3.4279599999999997,-3.4279599999999997
22,21,75.74389000000001,75.43541
12,12,40.44727,40.44727
30,30,106.66081999999999,106.66081999999999
36,34,120.76758,119.66051999999998
24,24,75.29622,75.29622
25,21,76.98586,73.40199000000001
15,15,43.63790999999999,43.63790999999999
19,19,68.61010999999999,68.61010999999999
19,19,66.76261,66.76261
15,15,45.798100000000005,45.798100000000005
16,16,49.469339999999995,49.469339999999995
17,17,58.15591200000001,58.15591200000001
34,32,114.33484999999999,110.68954
22,22,65.168459,65.168459
2,2,-3.09982,-3.09982
19,19,55.751970000000014,55.751970000000014
17,17,54.84172,54.84172
34,30,110.474012,106.84509999999999
22,22,71.26896,71.26896
22,20,78.35562299999998,77.92348299999999
13,13,44.10929,44.10929
27,27,98.97354499999999,98.97354499999999
12,12,40.134472,40.134472
2,2,-3.2406799999999993,-3.2406799999999993
4,4,9.5525,9.5525
13,13,38.58973,38.58973
29,29,89.00415,89.00415
34,32,113.422124,107.77133800000001
16,16,51.157292,51.157292
18,18,61.930290000000014,61.930290000000014
42,39,154.07935300000005,147.40337000000002
26,26,79.61818,79.61818
3,3,0.03776000000000046,0.03776000000000046
50,49,169.369592,168.49132200000003
21,21,73.63365999999999,73.63365999999999
23,23,75.49412,75.49412
15,13,46.683554,44.600065
22,22,70.65256999999998,70.65256999999998
31,31,106.33858000000001,106.33858000000001
53,51,183.18916,183.142499
21,21,72.51308999999999,72.51308999999999
44,43,153.65041000000002,153.35953
31,31,105.283736,105.283736
19,19,65.90187999999999,65.90187999999999
21,21,71.21181999999999,71.21181999999999
11,11,35.113749999999996,35.113749999999996
19,18,71.37942,69.92705
45,45,146.72116000000003,146.72116000000003
38,38,137.30275400000002,137.30275400000002
10,10,26.54353,26.54353
30,30,88.28727309999998,88.28727309999998
37,37,130.89991000000003,130.89991000000003
18,18,61.7348,61.7348
47,46,176.40529,176.37114
29,27,93.98631999999998,93.08111999999997
36,36,139.27272,139.27272
15,15,44.497568,44.497568
36,35,118.83308099999999,118.095891
57,55,198.90848999999994,198.63929599999994
17,17,48.80292,48.80292
12,12,35.03927,35.03927
38,38,125.17388000000001,125.17388000000001
24,24,84.48373,84.48373
28,27,97.68255099999999,96.521701
45,45,159.41817,159.41817
19,19,68.85935,68.85935
22,18,72.79594,69.66948
27,27,98.37450000000001,98.37450000000001
60,54,196.158632,179.8505402
15,15,49.023439999999994,49.023439999999994
38,37,134.04761,132.201415
45,43,151.591676,150.83550599999998
19,17,60.59984600000001,57.10708100000001
16,14,47.504126,46.73925
24,24,82.96808,82.96808
20,17,63.63512,59.528729999999996
30,30,111.41174600000002,111.41174600000002
41,41,145.77618999999999,145.77618999999999
16,16,59.20408,59.20408
17,17,56.99208,56.99208
37,37,121.53672,121.53672
16,16,56.4849,56.4849
22,22,80.47216,80.47216
39,37,141.96132999999998,140.75319
33,33,107.54629,107.54629
19,19,65.04744,65.04744
17,17,60.253150000000005,60.253150000000005
28,28,101.26891899999998,101.26891899999998
25,25,94.72763000000002,94.72763000000002
12,12,41.68764,41.68764
27,26,95.12567000000001,94.52657000000002
40,40,145.98931,145.98931
11,11,36.87697,36.87697
14,14,48.0602,48.0602
24,24,89.60797299999999,89.60797299999999
8,8,23.800329999999995,23.800329999999995
45,40,145.17766999999998,141.13573
30,30,102.83075199999999,102.83075199999999
15,15,47.130210000000005,47.130210000000005
19,19,62.39094000000001,62.39094000000001
32,32,116.78332,116.78332
12,12,42.85296,42.85296
23,22,80.38209,79.51547000000001
22,22,79.841798,79.841798
17,15,58.77484,55.69488
19,19,57.87143199999999,57.87143199999999
11,11,37.065870000000004,37.065870000000004
24,22,80.24557000000003,77.04601000000001
11,11,31.178510000000006,31.178510000000006
13,13,39.513549999999995,39.513549999999995
15,15,45.782509999999995,45.782509999999995
44,42,146.53521299999997,145.97725299999996
4,2,4.4248899999999995,1.4099900000000005
29,27,103.22121000000001,100.24105
31,31,97.53918999999999,97.53918999999999
12,12,33.52731,33.52731
34,34,116.47095000000002,116.47095000000002
32,32,101.55855,101.55855
17,17,46.12256999999999,46.12256999999999
9,9,28.795230000000004,28.795230000000004
24,24,71.118785,71.118785
21,21,66.98586999999999,66.98586999999999
22,22,74.01378,74.01378
11,11,26.04931,26.04931
35,35,109.34098700000001,109.34098700000001
17,17,55.03185,55.03185
7,7,15.758429999999999,15.758429999999999
20,20,61.05918,61.05918
31,30,106.07961,105.47497
21,21,58.94407999999999,58.94407999999999
35,33,115.02338299999998,112.25471299999998
17,15,51.26909,49.56482
33,33,104.2656,104.2656
26,26,90.12783300000001,90.12783300000001
14,14,48.35572499999999,48.35572499999999
11,11,33.607150000000004,33.607150000000004
26,26,88.93657999999999,88.93657999999999
24,24,76.19019199999998,76.19019199999998
29,29,86.45864999999999,86.45864999999999
21,18,61.46825,56.53026
28,28,88.37295,88.37295
39,39,120.30676999999997,120.30676999999997
14,14,44.476181499999996,44.476181499999996
25,20,75.200137,66.306843
26,26,84.63252000000001,84.63252000000001
19,19,62.67864999999999,62.67864999999999
26,25,75.63539,75.06479999999999
18,18,54.1046,54.1046
24,22,74.37597,70.74613000000002
16,16,48.174113,48.174113
15,15,43.59609,43.59609
16,16,53.40533,53.40533
15,15,46.77932,46.77932
23,19,70.35471199999999,64.92079
17,16,45.806400000000004,45.3093
8,8,25.29026,25.29026
27,27,97.06748500000002,97.06748500000002
24,23,78.5867,78.5563
18,15,53.206298000000004,52.459768000000004
19,17,59.507810000000006,55.008590000000005
21,19,62.66147,59.40003
11,11,32.03533,32.03533
9,9,23.56296,23.56296
17,15,41.38075,40.800650000000005
19,19,58.58684000000001,58.58684000000001
31,30,108.96439010000003,108.66555010000003
16,16,51.48985000000001,51.48985000000001
29,27,84.84345000000002,81.49871100000001
25,22,77.01082999999998,76.73025999999999
20,18,67.046545,65.882052
8,8,18.721110000000003,18.721110000000003
19,19,57.71519,57.71519
17,17,39.743735,39.743735
14,14,42.827019,42.827019
7,7,15.474280000000002,15.474280000000002
17,17,57.35563,57.35563
8,8,21.81135,21.81135
11,9,29.34088,26.77057
29,28,82.91853,82.12606500000001
38,36,119.15782000000003,112.91344000000004
25,25,76.840562,76.840562
21,18,66.02241000000001,65.62989
27,27,83.75873999999999,83.75873999999999
15,14,46.217485,46.083335000000005
12,9,28.99984,25.992703999999996
26,26,85.25265999999999,85.25265999999999
10,10,28.084529999999997,28.084529999999997
30,30,97.01555799999998,97.01555799999998
19,17,52.05779,49.115719
6,6,12.657919999999999,12.657919999999999
30,29,103.21219599999999,103.19834999999999
27,27,87.54006999999999,87.54006999999999
23,23,77.85895000000001,77.85895000000001
15,15,47.296820999999994,47.296820999999994
29,29,89.84717100000002,89.84717100000002
35,34,124.05312800000002,123.14982800000001
28,25,85.74226599999999,82.53754599999999
19,19,58.41890999999999,58.41890999999999
12,9,36.79939,31.36793
24,24,80.35092,80.35092
19,19,65.55074,65.55074
12,12,33.03875,33.03875
18,16,58.7368,53.88718
21,19,59.105965999999995,58.856106
46,46,153.839476,153.839476
27,27,92.73004999999998,92.73004999999998
6,6,14.254629999999999,14.254629999999999
46,46,166.325356,166.325356
33,33,118.11880000000001,118.11880000000001
17,17,63.19397899999999,63.19397899999999
15,15,51.65824,51.65824
13,13,43.32045,43.32045
28,28,103.70130999999999,103.70130999999999
18,18,61.482630000000015,61.482630000000015
19,19,68.48355000000001,68.48355000000001
32,32,107.53266999999998,107.53266999999998
6,6,15.15798,15.15798
11,11,31.967309999999998,31.967309999999998
37,35,132.618104,125.295319
5,5,12.188500000000001,12.188500000000001
40,39,125.77795799999997,125.72459399999998
31,31,103.27319999999999,103.27319999999999
16,16,57.52115,57.52115
37,36,123.04878000000002,122.24632
28,28,93.20044999999999,93.20044999999999
28,27,95.42092,95.37581
30,28,102.49788999999996,101.19940999999997
27,27,93.85199,93.85199
40,39,137.83173000000002,137.55008
16,16,57.53089,57.53089
22,22,78.96333299999999,78.96333299999999
9,9,27.006770000000003,27.006770000000003
22,22,78.50935999999999,78.50935999999999
22,22,70.7874,70.7874
15,15,48.48724,48.48724
14,14,45.50085000000001,45.50085000000001
14,14,48.600880000000004,48.600880000000004
22,22,75.25292,75.25292
14,14,48.092569999999995,48.092569999999995
18,18,59.663500000000006,59.663500000000006
10,10,28.69241,28.69241
18,16,46.80368400000001,46.72321400000001
24,24,82.90779,82.90779
31,31,107.68955000000003,107.68955000000003
29,28,96.68602999999999,96.09246999999999
24,24,83.67120000000001,83.67120000000001
17,16,54.448049999999995,53.66749
20,20,70.76113,70.76113
21,21,77.32717000000001,77.32717000000001
31,31,110.07113000000001,110.07113000000001
26,25,99.50486000000001,99.49772
23,23,86.50313999999999,86.50313999999999
32,32,113.22046000000002,113.22046000000002
27,27,91.81199,91.81199
19,17,40.944577999999986,40.74389799999999
18,18,39.822112,39.822112
30,28,103.78257,96.58356
29,29,92.60344,92.60344
32,32,112.16113999999996,112.16113999999996
46,46,180.97904499999996,180.97904499999996
30,28,105.20474500000002,102.09414
20,20,72.24044,72.24044
15,15,54.89572999999999,54.89572999999999
36,35,122.310851,122.02706100000002
11,11,35.81598,35.81598
20,20,66.49561999999999,66.49561999999999
24,24,78.24626000000002,78.24626000000002
21,21,73.75383,73.75383
25,25,89.04578000000001,89.04578000000001
22,20,67.50002,66.174
14,14,53.3601,53.3601
17,17,65.66966,65.66966
36,36,128.1872,128.1872
29,29,106.68705999999999,106.68705999999999
27,27,91.26334,91.26334
40,38,138.46243,130.94103400000003
18,18,50.360881,50.360881
24,22,90.16918,85.60597999999999
17,15,54.51628000000001,50.735659999999996
32,32,116.25516000000003,116.25516000000003
17,17,54.358149000000004,54.358149000000004
40,39,136.17875999999998,136.03626
16,15,54.54249000000001,53.41223000000001
40,38,133.02108,129.33622000000003
32,32,108.63796,108.63796
25,25,82.08999,82.08999
29,29,100.53165,100.53165
27,26,90.61001999999999,90.24913
28,28,88.54302999999999,88.54302999999999
18,18,65.48398499999999,65.48398499999999
48,48,153.7113,153.7113
31,31,113.71642999999999,113.71642999999999
28,28,93.72547,93.72547
26,25,85.04483,84.36308
33,33,121.31159099999999,121.31159099999999
24,24,81.26380999999999,81.26380999999999
20,20,64.47753000000002,64.47753000000002
44,44,157.29204300000004,157.29204300000004
15,15,46.9145,46.9145
23,23,79.98325299999999,79.98325299999999
18,17,58.17714,57.942240000000005
17,16,58.32562,58.218900000000005
26,26,81.36766,81.36766
25,25,82.32740400000002,82.32740400000002
33,33,120.70441199999999,120.70441199999999
18,18,62.239270000000005,62.239270000000005
32,32,111.45448,111.45448
16,16,45.47249000000001,45.47249000000001
25,25,81.84568999999999,81.84568999999999
17,17,57.586740000000006,57.586740000000006
39,36,137.82593300000002,131.74765000000002
31,31,94.57629100000001,94.57629100000001
18,16,55.900439999999996,50.30287
23,19,77.91789709999999,70.22608000000001
23,23,77.36606,77.36606
24,23,82.82226999999999,81.41635
32,32,107.39833799999998,107.39833799999998
18,18,63.96038500000001,63.96038500000001
19,19,64.86614,64.86614
22,20,74.26907000000001,72.37039000000001
24,24,77.91309799999999,77.91309799999999
16,16,52.33729,52.33729
12,12,37.085440000000006,37.085440000000006
25,25,91.14366000000001,91.14366000000001
24,24,77.78175,77.78175
49,47,161.81304000000003,160.70302300000003
